"","Y","X1","X2","X3"
"1",10.9107411804224,1.42077074510418,2.53784830688756,0.240414911648259
"2",-1.20837994542936,6.29039580574332,-0.491159436956493,0.480505008854469
"3",15.9578885215001,4.0990700309106,5.07841355521062,1.43526684927469
"4",5.88057993166927,0.332014092310337,2.05301564823958,0.89852317859547
"5",-13.3910810207847,5.97729175116066,-4.57305574031817,1.50863079242403
"6",5.80738895115607,NA,0.393758836738603,0.0434208870865405
"7",6.62511287691343,7.36690569928162,-0.918496552796398,0.576738600132471
"8",5.68669373455719,NA,-0.215938220462243,0.0127288032947454
"9",16.2440393243535,3.92064922577611,3.55633608075113,NA
"10",-3.12425503265029,NA,-4.64509398012286,NA
"11",2.40973947760677,7.40294560302101,-4.81185966178696,0.181974664687461
"12",0.283474986873957,NA,2.7830996287223,0.208258615573868
"13",-12.9045583445171,6.18032184316522,NA,1.30687004787134
"14",14.4182515517747,5.11208030870353,NA,0.203154548536986
"15",8.73030135200973,2.37823787431702,3.95201126416818,0.00953246396966279
"16",-0.0460732155943369,1.44186392669759,-3.39445883616185,NA
"17",6.58128879852446,NA,2.47420137087129,0.597343954702324
"18",18.8567327062786,6.10476320009864,4.15083705368107,NA
"19",1.28763214495242,4.88414422279032,NA,0.289782557170838
"20",13.9256352926207,4.50658185873392,6.38779650240989,0.999674458014679
"21",-4.52184526592105,5.01512618396289,-4.03222582611741,0.984284909400058
"22",-1.20265090695733,6.34352240276691,-0.287347520874059,NA
"23",17.7893934790719,NA,3.72090668872807,0.041618684772402
"24",15.7780712447885,3.97497157404398,3.75331172781594,0.433613282073348
"25",4.25843890523377,4.1431914589908,-0.715811291076391,0.783592823850823
"26",33.1450992034244,1.6526936862501,6.75277692817458,0.589920983628786
"27",39.0737826847548,7.42197017012059,NA,0.0448515757452697
"28",3.99132270490397,6.87254477764169,-1.94247246304084,0.0181984299668021
"29",19.8897930457255,5.73711242504571,4.40236196395229,0.428177703150964
"30",11.9651280648168,2.80631378213352,3.31745627086913,1.1574721680324
"31",8.12661183151462,NA,-0.550900357380592,1.34058485639499
"32",10.6536394057923,NA,3.62542339768047,0.810629205849891
"33",12.7331140458209,2.14224629681024,5.76738368860164,0.610785691046572
"34",-8.21275075083687,5.51673777950504,NA,0.0647776471464061
"35",32.8891427782165,6.54339799591488,8.47251895301499,0.0688729980029166
"36",-9.38110502550577,5.24659982702433,-5.25399070948818,0.0386438909910202
"37",31.0124448008729,4.89144831291797,NA,0.185834364499897
"38",16.7060682321961,6.45271471815411,NA,0.173089480493218
"39",21.3690373468595,NA,NA,0.317614207742736
"40",4.71103807559382,NA,-1.23642016365717,0.31448116642423
"41",17.3514180971274,5.45846172725523,5.72932817720822,1.48235211140456
"42",10.4870547541944,5.59191028544549,-0.0385599548611497,NA
"43",36.2712617345818,2.15443552432467,7.50182872540352,0.56719018796221
"44",12.3096569861768,NA,1.80056781544793,0.00688239559531212
"45",-5.21350840488495,7.43951746432024,-4.01677744451894,0.968504588077676
"46",4.42657129837079,6.24785038172754,-1.06756514716143,NA
"47",-0.442941086404606,5.19385970025519,NA,0.20624814229086
"48",-1.54147322030061,9.58633075356075,1.26781626201662,0.0375748085789382
"49",13.7835646728852,5.47824528712766,1.71256415707422,1.04768215392934
"50",-8.39944925348695,3.7878372877059,-1.27196568103152,1.10539446112918
"51",9.49150040510443,NA,NA,0.856420319485378
"52",14.5022751801223,1.48633881448159,NA,0.291932867839932
"53",-5.87732690433975,NA,-4.75303974293661,NA
"54",10.9581753726761,NA,3.95353896555838,0.192462661070749
"55",25.5455117301632,NA,7.47298222730319,0.361034739275879
"56",19.6000861710565,7.91801538785577,3.8199525649254,0.399446754436267
"57",9.09717286070648,4.58319294526742,3.77665695927875,NA
"58",5.45210467382531,5.54670613501373,-0.799145775940364,0.401922722326076
"59",9.60663055997238,3.9675295518177,4.61876615687917,2.02298822522837
"60",5.20429549466955,7.38308798425679,-0.564625066611072,0.563925388713783
"61",7.63498578392553,4.69473744395343,NA,1.12286014196681
"62",11.6944732590555,NA,NA,0.881921745794726
"63",25.2022434312494,5.44174484361601,6.86669467529587,0.212738164002076
"64",18.7513508319934,NA,2.45543529738642,1.0305850226012
"65",14.5309932689531,11.0497942254868,-1.86753155550742,1.07604267162489
"66",22.3690075902948,7.12211464043401,2.88787160558427,0.0949100188407285
"67",-3.23008581098878,-3.15856849789489,2.49578448918413,0.763595063197327
"68",-8.56204783930025,5.14560329497718,-3.92821942369426,NA
"69",12.1124195041693,1.95330932753623,NA,1.11706993223874
"70",9.65127284091011,3.21045104178182,-0.128168302287071,0.119471407495439
"71",0.461047768387513,4.13283670371239,0.967575617536923,0.157046666368842
"72",35.8949240812586,6.81635297730008,8.62324852166206,1.42473744592609
"73",20.4819754939588,NA,2.96591043468028,0.108817160595208
"74",33.2512646675546,7.3355055844177,9.47769687801551,0.651209165321148
"75",22.7560443819649,7.24635485463128,6.93617603502687,0.0899104907482177
"76",29.0843678301513,NA,4.81045041202596,NA
"77",13.9129900239398,7.69795807899038,2.99091516991915,0.397149521370834
"78",-11.7955256507832,4.85249511540734,-7.15716301899648,0.204758268548176
"79",21.2976539890075,3.78351272204298,NA,0.44583505548031
"80",9.74269443714195,NA,-4.52082161225654,NA
"81",-10.7609279461531,6.25651794161778,-2.58003286054785,0.34492974425666
"82",23.1644407044357,7.26642056593464,6.81336967005025,NA
"83",-28.6900540225837,6.47831318280268,-5.67349267716869,0.162557141389698
"84",12.438522268793,NA,NA,0.119848692928537
"85",12.1909560485856,3.3622715821212,2.51673936286493,NA
"86",0.755290692343839,5.89176900171771,-0.0611088734032708,NA
"87",12.7143469142373,10.3340189367077,4.35393741458206,0.235965104773641
"88",32.68850444211,3.6975173598468,6.25865396183192,NA
"89",1.53867699518037,2.88280717804981,3.03960341569724,NA
"90",-20.5451145157081,0.99879295248718,-4.65238411900583,0.0611329751554877
"91",15.9331135110763,NA,0.0518107722051533,1.36379256372558
"92",-0.872028111594046,NA,0.0374254379215565,0.649073156041509
"93",15.0902570604744,6.84406799697691,2.42291898537107,0.140997445210814
"94",14.5462940520054,1.0705059128319,2.05766980722101,1.04757685301112
"95",-21.8803524902138,8.62634561144366,-9.81519986201323,0.573591986184424
"96",0.515733242346214,9.78793714005661,-2.09007745584639,0.171298633795232
"97",0.544555548315649,3.0749967526053,NA,NA
"98",4.2247087163225,5.51303534733043,1.79883849517232,0.146563710877672
"99",-2.95737682569337,NA,NA,NA
"100",10.1231449990276,4.90026684752476,NA,0.711787584949619
"101",20.1404586783458,4.52986287470241,NA,0.0131514085041677
"102",7.68186318407191,7.42370063731023,6.22196950370988,0.0322821764275432
"103",7.92711870873545,5.20640168438162,0.221292236321856,2.09666608590628
"104",-3.37104387267159,NA,-1.68654980239074,0.804632575209153
"105",1.27751050727596,NA,0.0185086167866604,NA
"106",13.9606293548637,NA,1.23595036504081,0.646688788642591
"107",3.86481249475085,8.38259322600258,NA,0.746216103392554
"108",-1.0567738139073,6.94753051718693,NA,0.100062881052597
"109",19.9213745186093,NA,NA,0.444294915421364
"110",5.23019246164543,6.04857091980309,-1.74436752115252,0.0485362691567371
"111",-13.1766581249229,2.23871626615555,NA,0.343706166138873
"112",7.36493626150517,7.33372282269158,2.99745495337373,NA
"113",8.23873532720487,-0.944567393348222,0.568970842967042,0.555051051059222
"114",-10.6255042948609,2.71304598665539,-3.4579118475492,0.484935341289593
"115",-13.6102783979144,0.281593085826348,-3.3908116999977,0.51243728304044
"116",24.927447342656,10.6384763645361,8.01876410124517,0.465368950495928
"117",12.2449758755525,6.87904949282751,0.60452835128236,0.475358095930374
"118",5.374936061879,6.15785828082597,5.44841517431703,NA
"119",15.158514116783,4.43551755996528,1.86082347417946,0.462735943009561
"120",3.08871141530887,NA,-0.023718268068817,0.286994276335463
"121",18.2826485560584,NA,NA,0.419242123181989
"122",12.5930863256103,NA,5.96453390475691,NA
"123",8.15117963694283,NA,-4.90513372669827,0.742719056850555
"124",9.26066346314995,4.05891898884934,1.15933195307081,0.784456441753145
"125",7.47159530883723,NA,1.61956873357246,0.270992942387238
"126",1.59080167887667,8.41201881142683,3.00459815844427,1.18215389264034
"127",8.87395843768334,8.23116903358066,-0.435815659023421,0.716724362182331
"128",6.62054690702851,NA,-1.99110500162617,0.282559867482632
"129",23.7800092586871,3.9788234701735,1.2944626502428,1.22945418851056
"130",-0.624682739657715,5.40297599737497,-2.28513487539722,1.15442662216876
"131",19.4317731071191,3.45558457901622,1.58723563842012,0.665626877432174
"132",12.4966356964279,9.54477272653113,1.59817731761116,0.596542082705951
"133",35.7614491924165,NA,9.15107241750831,0.712166641544575
"134",14.8053219778605,7.20747049368751,NA,0.646207069025791
"135",9.38905843720451,10.1067478073479,0.838143769860118,NA
"136",6.55796951644296,7.99881514329305,4.84511364430644,0.715160304638457
"137",7.14888157183689,10.7505435427664,-2.97480431474284,0.147375722182915
"138",18.9291000833925,NA,NA,2.26894696975563
"139",21.8782838726832,6.74618951573877,4.75571185820876,0.185658419970423
"140",6.97536938293598,4.65882243229617,1.74378732258614,0.235836067935452
"141",36.2070975603,4.78171698838975,7.71500801091911,0.0522744732443243
"142",14.2385314568605,NA,NA,2.14700316063146
"143",-1.65016818688659,7.2415601410759,-2.94180962297937,0.560144416035569
"144",7.11717082970415,7.35569698738915,-2.68482984657395,0.730929475056417
"145",-8.95223374555905,6.88629471236464,-2.49886455380083,0.33142456645146
"146",9.72670136949688,8.31535187327683,0.843416518911418,0.488236329962915
"147",11.7652400563017,7.65767550201242,3.07713547407959,0.372582561781114
"148",23.601318565738,4.13269321427937,5.13314564542622,0.208710331469774
"149",-30.6973152822648,6.94135987427754,-8.44939999233099,0.535734266953027
"150",-14.0044808649228,6.72950389986987,-0.336750746622035,0.0276651843611446
"151",8.65115155858349,6.15319500046583,0.280832722483757,NA
"152",21.4427034936723,NA,NA,0.238489209674299
"153",31.9080973052388,7.18810094444743,5.66206044591779,3.40647303200981
"154",6.89669798143839,9.23833161043168,3.51275161455966,0.411542674971229
"155",3.28155097757948,3.84808740348264,NA,0.0892550530843437
"156",9.47118184493167,4.15026335826899,1.57211227868186,NA
"157",-3.90304617080609,6.7273202686011,NA,1.15272922155665
"158",38.2017095370047,NA,10.5202732544033,0.0351943841669708
"159",-6.76889480388969,NA,0.794771151255729,0.52312908459217
"160",7.14158269243666,5.45294922474202,NA,1.19888312456416
"161",-8.74035443987776,4.6099544395489,-2.65664590756611,0.376564423532641
"162",11.9193545253078,9.46280472023921,NA,0.0710298290941864
"163",-4.57449136602746,4.20009120649568,-0.587867999494333,NA
"164",-9.00144705579929,4.543756497869,-1.62407295533851,0.101864391635361
"165",-14.0137620214033,-0.430463631003748,-0.439418537059868,NA
"166",-5.74936206404407,0.325151551929718,-3.20902927129616,0.491825235986567
"167",12.208708902093,5.02243339093453,NA,0.313837460242212
"168",0.652277731607499,NA,-2.66851605008316,NA
"169",-13.8920420472126,NA,-4.34879204550158,0.195873195072636
"170",-3.93754341693319,7.20721654531016,-0.719947494516057,0.12515868479386
"171",-0.465695037766161,-0.538326564963997,-2.03844522760042,0.17331211315468
"172",-9.16515819822108,0.577478663019552,-6.23852892971606,0.0437180544249713
"173",17.1326682432361,NA,4.89230483064528,0.70753998677702
"174",-2.70289066219537,4.50883905062995,0.263165973676939,0.291250133654103
"175",22.0483852958613,2.17467732766947,2.21329237601061,0.0194492847658694
"176",20.6244414615329,9.99889397874096,4.50820356904287,0.176646423848652
"177",-1.76334249658266,NA,-1.225568377375,NA
"178",10.5375120210845,2.6464768261273,-0.255575677643724,0.523333709200329
"179",28.1856353656777,6.26239998513727,3.10360176755805,0.806651739853006
"180",26.7454764858659,3.52677315399659,5.16470142627689,0.337013002950698
"181",4.05323126622971,3.63049964554243,-3.36260380167455,0.658459505045271
"182",17.5504104688967,4.36201088387059,NA,NA
"183",32.0700540417181,NA,5.68169841972303,0.0628369351693011
"184",19.6556402893486,-0.864088192730486,4.4057263764426,1.11196072305802
"185",13.0751037961038,4.8563145969715,-0.888339888006026,NA
"186",-14.0388474058242,6.39092407274301,-7.93468137607671,0.621354786658144
"187",-9.76820420734096,1.47396215991749,2.22085703416169,0.250855811638758
"188",12.6607553227405,0.621341566016187,0.271247425284076,1.07560234712644
"189",-5.64124099757688,2.92312253783729,-4.34829689632226,NA
"190",-2.99853652184121,9.52753320339349,1.52836757081684,NA
"191",38.2371617434592,4.53840378121074,7.36328983731641,0.31278920872137
"192",-6.57594452473558,NA,-0.0819031890429076,0.437194763196117
"193",4.57529333688377,NA,-1.05343233243266,0.0393654926374295
"194",18.52990048223,6.23619038832571,5.23519188925282,0.577180161585516
"195",12.0596091739386,8.07722365130317,3.67792996644651,0.0949530144663951
"196",8.75085758189121,9.01383208546373,3.13565298648753,NA
"197",-22.9461296934264,8.74403459607331,-5.01402040597574,1.09977141307123
"198",-6.37609466795625,5.25437143829933,-0.108688632278941,1.57727259761634
"199",23.0956177913072,5.60938426584406,0.756787174464636,0.184780154236672
"200",10.475122147991,8.25167304243229,NA,0.244009578833356
"201",-7.00000203034479,NA,-2.34403226813076,0.486993838267395
"202",4.91843337583427,6.16485525144135,-3.84246443649193,1.05621631344067
"203",10.1545907183222,3.37946462617663,4.09784413016723,0.0907118613831699
"204",-0.834774776375851,NA,-1.67029156241416,0.536194381569652
"205",6.72154123543695,NA,NA,NA
"206",-2.07899724057401,NA,-2.6118005209266,NA
"207",-16.7592495428157,2.05178361031134,0.236727721921535,0.562083191767462
"208",0.560317489737078,4.18634020378621,NA,1.14977752282913
"209",22.0092384632289,1.46447008709971,NA,1.35595493477987
"210",16.621924492679,8.61797602630221,3.20495374430491,1.01181703336061
"211",39.3877489388585,NA,8.15465367308819,1.05826754259777
"212",-1.8953587559146,6.62343508388601,0.0808118518903629,NA
"213",0.313862308276674,NA,0.731660628798973,NA
"214",-2.69810419315639,3.71585389117259,0.316825266301957,0.334093240322545
"215",4.28728761517219,6.24260586321452,0.0142853212930665,0.140341059770435
"216",0.838599742180762,5.09923665905985,-3.89360359780694,0.724840111422663
"217",9.92667283589114,0.465688298034124,2.65037992782606,0.311369195580482
"218",8.91409295647782,6.65679774910404,NA,1.19307949667083
"219",-9.44952778393782,NA,-0.893370846811614,0.1625461562071
"220",-8.28002900684312,3.05610380468079,-3.40476131330404,NA
"221",21.4047654269761,5.79930721244453,7.07441424556203,0.459033369531339
"222",17.8831518000615,4.22120570180725,5.61818838308074,0.722392513374698
"223",12.9246790523498,2.31975840352974,2.29628521351876,0.475326294058418
"224",19.2473063989953,7.29781902725626,4.74548012245637,1.14718376674465
"225",16.9796614099958,7.81982412598815,NA,NA
"226",6.58908939491268,-2.67244918394407,0.651853674964065,0.179409157251939
"227",44.1499207963969,6.18300350545205,12.953427253935,NA
"228",44.2530632559046,2.82142581309554,8.05531145025901,1.93683581323105
"229",-20.3296735942564,6.2344496903674,-7.41765460002686,0.779953137793816
"230",3.2043971813193,2.05246284151579,-1.41790975049587,NA
"231",42.6266306146989,7.34407064715545,10.9790422620666,1.23375472326981
"232",-8.31701806960934,NA,-0.99834430867732,0.0720639799331152
"233",-26.4421080986709,1.68849944710447,-4.20305195213504,NA
"234",7.13539164657418,-0.502822450004587,-1.9080847592554,0.373733484331995
"235",2.84132743637051,NA,NA,NA
"236",0.317501778097625,4.57648835547578,1.53495968033692,0.108931993587307
"237",24.9574456462199,6.80579891785844,4.42953627156347,0.213209876790643
"238",19.9463933299076,5.70136402985881,3.15078587981464,0.631762172074473
"239",32.9115515855342,1.73030791276517,7.72189822384506,NA
"240",-13.3442519458694,7.47791693898495,NA,NA
"241",-4.61564437567101,7.70516938668555,-2.69404124809904,0.698829909744573
"242",33.575295865677,9.59080797874629,5.34864847280064,0.542994845872494
"243",26.7072647894844,NA,3.12474894256652,NA
"244",33.860057007352,5.17884601568769,3.78643071930438,1.42975379873947
"245",-0.913440406337991,NA,-1.303291185055,0.0252495270688087
"246",25.8485064602507,8.52762516957419,1.22531588834636,0.268030906124176
"247",8.02056955700064,5.42916462225832,-0.636839375865873,0.0304883534133884
"248",-3.50875338184542,4.97128983611874,-4.22790523956403,0.314614239381626
"249",-2.41677223000335,4.36022179312465,-1.41116447942719,0.184826186392456
"250",2.57887508677858,6.69434366643436,NA,0.176424701698124
"251",9.13639282011332,5.0185736936061,5.32456932252402,NA
"252",-0.476238938231813,0.956530011713806,-1.41677030692856,0.536025740185237
"253",4.4132350927897,5.9048238590622,NA,0.966712027494938
"254",-12.5510708940864,5.99258031996668,-5.59658411008259,0.6052992217964
"255",11.3834567085772,2.02888266708733,NA,0.238687250341153
"256",10.4439908564044,5.39648554724,6.13260321265521,1.19553009792579
"257",2.10601938417303,0.347760298889181,1.82172265998475,0.462629116686499
"258",11.5686776605569,9.97222582310241,-2.53550420213964,NA
"259",10.1027189475318,1.70473235510879,3.87058865310527,NA
"260",-9.15706155645372,NA,-6.25544507755667,0.0712655222844798
"261",11.7003408887298,5.27703266359184,3.16829884718467,0.327671817969531
"262",6.64578342260627,4.46498478027175,1.0501720550611,NA
"263",-5.85728215476572,4.96051256202972,-2.70293355682484,0.770638571078789
"264",39.1853585405246,NA,8.18373264260897,1.02493134788693
"265",7.4569105938198,2.64660038653592,2.07855250854978,0.457359123571004
"266",-0.254844710853568,5.53025240987886,-0.458931263632671,0.431671374456441
"267",-1.13322343772658,6.2510561914128,-4.47231666129181,1.54306865102592
"268",15.3606397076072,6.22187718510417,-0.533599872062087,1.19529656969816
"269",4.79819337006883,7.43380343427381,NA,0.731236295401347
"270",-3.59255130587261,-0.537670237837823,0.520503276361322,0.808987111742509
"271",13.3258816128605,1.76587747073205,1.52563575132513,NA
"272",-6.95707798597589,NA,0.49255706326079,0.183499045654942
"273",17.0248792331367,NA,-1.22781624118657,0.339932766277343
"274",-3.12265450114295,7.06495792154727,-2.64365462163745,0.306697277687493
"275",24.8000483138968,-0.301830137863609,3.74068707956727,1.40435798830333
"276",0.271069099800845,10.5706586277485,NA,0.0025610410636846
"277",-21.7157107840153,4.06096835403025,NA,0.0525829081889242
"278",0.712056542036164,9.41606112876605,0.543928121652071,0.0711279334580936
"279",1.25905442010231,NA,-0.892495628712641,0.638468108118928
"280",-4.62512307143456,2.75947078585028,-4.66473777877313,NA
"281",12.4811789154789,13.8399429017295,-3.2344555287668,0.00317459863980299
"282",22.6536913720055,1.08436226236783,4.13202803506549,0.466999907491213
"283",-4.18946909257441,4.32765889185239,-1.47305617329563,0.191673197724842
"284",5.5418146842656,6.14399840247754,NA,0.202488277805969
"285",19.8042691050967,0.269919634320598,0.480594602341588,NA
"286",23.276569343733,7.2711359605757,0.606740306236857,NA
"287",18.4038528502269,3.90878624619453,NA,1.08441214921166
"288",19.2373108942537,4.83896566075895,3.61193324974942,0.0420869250646761
"289",-21.7250797752309,NA,-5.91114865597402,0.95582386747562
"290",38.4109289104136,9.92475561195969,NA,0.636615120784795
"291",-16.9693235751679,4.49720230259215,-5.12203619564814,0.519401511622077
"292",51.7038365772555,2.22575953223591,11.8829302333388,0.164576418068768
"293",-9.58183029081408,-1.48704189482303,-2.42688012735528,0.672689721898592
"294",0.985351829875754,9.29041523631027,-2.00407206856657,0.0486219297163188
"295",20.9972388178548,4.57061164344022,5.4650469302444,NA
"296",16.6178549237086,5.30557503216916,2.83216120508921,0.387084087801582
"297",9.3576413263616,-2.56091406707584,2.51590592610957,NA
"298",21.5027809878142,4.6571536986403,7.39979975181499,NA
"299",0.660576346974968,3.08071478447447,-0.287120448785789,0.097611080251525
"300",0.23094133040077,8.41703316670054,-2.10499438529242,0.120729823131114
"301",48.8735410350165,6.05208400383753,11.5820131144889,0.0515849477358779
"302",23.113140286398,6.48268487132417,3.03805346512513,0.0508925430476665
"303",11.3000070577171,NA,-3.37459072059804,0.472604197428978
"304",31.7473033624875,4.08909511753332,NA,NA
"305",30.5222047617377,8.70628945158127,6.35818385146298,0.180863849785602
"306",17.6045717886257,4.16621760324817,-0.625987503691464,0.860088726463628
"307",0.293501203627169,NA,-1.68513467399052,0.259178838459775
"308",18.2284807603918,2.10152959718609,5.27127468616426,NA
"309",22.322187227782,NA,5.9234676162202,0.497828986009067
"310",16.2360476009811,NA,2.97437609769194,0.00337494118139148
"311",34.5167894734403,8.76576047437301,8.60422084130955,NA
"312",-10.8868690931557,3.49103639062429,-2.13372842027987,0.151466341223568
"313",25.4384542833027,2.58869114143061,4.69937642328142,0.490638355237848
"314",4.51523493342798,4.44834447310213,0.675993059503235,0.397997442611909
"315",9.89250201083322,7.61596909489363,2.96731174757142,NA
"316",0.777472507386213,NA,-1.52112109673367,0.130400184037865
"317",36.1519266912804,5.27095161677564,8.92810514110298,NA
"318",-4.71245387259225,5.19274953937673,-7.31261356859255,0.0221124334583429
"319",26.7857034333148,NA,4.73622949753837,NA
"320",-9.99329252254669,5.39373863446536,-1.83997662849243,0.44387225199253
"321",12.312403478207,2.56537740411697,1.44725187489313,0.128765033192172
"322",39.0699278985284,7.34758444814593,6.95894007435042,0.377594590631729
"323",-8.23783290156151,5.77275090152642,-3.43759891272798,0.337717636488378
"324",7.54234294346561,0.016412248173002,4.55683584028387,0.0284961801953614
"325",24.1094669186608,NA,NA,0.0485786125063896
"326",-9.39922128110539,5.90906180658771,-0.835176076885097,NA
"327",0.834207783231114,3.84600415760978,0.517745346898382,0.998026623348606
"328",15.2674827993204,5.34066695913573,NA,0.578080639687783
"329",14.9155792066085,5.88577568408389,0.790263090578756,0.351924028297431
"330",-10.9836726855901,6.54742865192766,1.25661456564473,0.921615133951318
"331",7.31430352869795,9.55828329394555,NA,0.617738694862878
"332",0.779604137188479,4.71324646480361,NA,0.0387078651692718
"333",17.3155873475407,6.22999445228431,4.39940765045463,0.202071131207049
"334",24.6170445012452,6.18671443037354,NA,0.368252806810147
"335",0.877731925696716,4.75968293110263,2.58038312296643,0.0806362587633403
"336",20.6606399661463,5.76128502493555,2.17514182680628,2.11792402888153
"337",29.4812114998328,5.79899201816945,7.51777469939253,0.170363247444436
"338",6.56596921778149,9.80470142838249,-1.72129625748872,1.18344572637964
"339",30.6071433655233,8.90393873409013,7.14129384209248,0.0452565382518196
"340",12.0929639149987,-0.000981418959548286,-0.0493416044607828,0.639698514693833
"341",16.5815936418075,4.10890222922723,NA,NA
"342",37.7915367284114,7.81740342219672,7.72008394818204,NA
"343",11.948745876534,6.29837798149773,0.856143435886131,0.949370882840332
"344",-19.9485329922936,1.32725960402668,-6.89410062440431,0.553284002912647
"345",20.1423423497849,0.494149856579065,2.57390740678249,0.00526203969536431
"346",14.3371373756243,5.4493729820425,1.23889738576793,1.13283504818784
"347",-7.60856578686152,9.90268626655006,NA,0.0743443828541785
"348",13.8160158905111,8.8356662648287,2.00357826790683,0.0243591908365488
"349",-17.400611570774,5.70233355052372,-3.15393985522305,NA
"350",21.3070228063399,2.84389177328537,-1.9553982834377,0.535589789019382
"351",34.2861277407822,0.763133824554369,7.83325418636425,NA
"352",11.7617122765265,6.85367793902194,NA,0.72833319190414
"353",19.8770168885995,8.26332051215681,4.82001174426894,0.0518630227497884
"354",2.32191511200959,3.34608503237681,1.92739119218014,0.0158001866657287
"355",4.04024430975711,0.63760201775917,-0.334742798094964,1.14398300734566
"356",28.9869722809107,NA,4.69058057468117,0.566665606935642
"357",-0.125285797871558,6.3842897137804,-0.507709782612837,0.52201972308891
"358",17.4106740607699,1.04520357236706,0.0376903386572152,1.36514172231065
"359",21.5532849656935,NA,1.71085200144016,0.399998362257814
"360",-10.0813788780755,-0.659275035009449,-2.53278856102059,0.0359096953179687
"361",-4.92513812450367,NA,-5.32732014258345,0.56705788055197
"362",3.51991547756203,NA,1.51897093085903,0.310057517373934
"363",1.88501286005165,NA,1.82894779054714,NA
"364",2.18926815508298,6.08268037844353,-0.662141172025077,0.640450351726232
"365",0.0865645031327498,7.34939094576923,NA,NA
"366",10.7575871667569,4.36974393713683,NA,NA
"367",-5.7271087163572,5.34335441689618,0.60388586713031,NA
"368",15.4711269429486,5.79293718931237,4.56325086555334,0.351813305059745
"369",7.1968475775018,NA,-1.71707087926287,1.52085253960433
"370",0.351192047328968,3.28769410317889,4.06629169537289,0.176193759304179
"371",11.4315715188083,NA,-3.75967143193012,0.444274111164218
"372",15.5362871656985,NA,0.427879945800746,0.854603867004526
"373",15.4879074987799,6.06575689248471,-0.391698596981428,0.439213550231387
"374",8.67983171163835,4.16463114692714,1.59936987925959,2.63730802465428
"375",-2.71244693455798,5.33860716446219,-1.12229583053433,0.626059374751008
"376",11.3205484089101,6.97041703961414,NA,0.986994246031517
"377",17.5480444827337,6.79809556898592,-0.372056260437687,0.376604876459992
"378",2.6595305333931,2.33964582143962,NA,0.0905192950740457
"379",18.6208720222803,6.66959407440111,0.910575212219745,0.567619376810663
"380",-7.48178054228645,2.34229314576964,-0.635010266515074,1.52045699542339
"381",-5.50490722419149,8.80825084922279,0.532679923645517,1.04411382687496
"382",10.9474290616261,11.212407595576,NA,0.419075153809664
"383",26.5354057565849,2.31957745505797,4.9151270833542,1.02687836527349
"384",17.4422992036347,8.03272803306209,1.33128299816603,0.609989782774305
"385",0.367903832658444,NA,1.95705479062268,1.5472277253026
"386",19.2233522630739,3.14255366089409,4.52960781563015,0.529000274350351
"387",29.2155041875662,5.26735163259414,NA,0.0722902687266469
"388",-8.57320674015499,NA,-0.295598363732221,0.0861261668615043
"389",-6.34415485963063,NA,0.215753642429601,0.316879143705592
"390",11.7305602034802,6.13409425053697,0.0693375664388232,NA
"391",16.2551435739537,10.3639138109103,NA,0.311676900368184
"392",24.2212647950028,5.26489454020053,2.05598996914917,1.16712444362448
"393",27.8191692330913,7.06464194202787,3.82549674419479,0.0501132742501795
"394",19.7178588395673,NA,2.85509865520869,0.0772115756387718
"395",12.2367209709357,7.10394382330387,2.5461973345928,0.505494438556439
"396",-11.8780255694668,2.09689646486553,NA,NA
"397",-0.539887962762942,5.35992096186832,0.153542449726839,2.21970779927212
"398",-16.591899147561,3.3292546155953,-5.99341227945327,0.110768533311784
"399",-1.42620017815391,NA,-1.89305358355086,NA
"400",-6.10005801068269,1.55762378407416,-4.96605967091977,0.280502181034535
"401",-9.19051453402745,3.57767442600044,-1.18831132493641,NA
"402",-0.200803027803643,-2.33534062835987,0.550391429848535,0.456940395736551
"403",4.97516744279587,3.50314544863014,-0.679910954543045,0.0261326582470796
"404",-2.07026324139772,10.2803276558583,NA,0.0161248482485355
"405",14.416442358814,6.21373385180774,2.70304246021523,0.766654154468361
"406",-6.99680690951956,4.02270749858107,-1.35766560650424,0.932005783272502
"407",16.108567633559,5.250786719555,4.03151354876877,NA
"408",-4.92949514772618,0.674962358631296,0.731034098509374,NA
"409",15.1233706547403,NA,1.57053433265028,NA
"410",2.02852285108366,2.22618317237843,0.719065648414746,0.154255498899147
"411",0.710338422600484,NA,1.75095803601052,0.12734854593873
"412",-20.3338609944646,6.6677806971559,-4.48411486491496,NA
"413",15.3797976598774,4.87107361197999,1.36524732681323,0.908066591205907
"414",-8.43229803311968,-2.74908662320175,0.730030731805349,0.0941309104673564
"415",-6.99345722324648,NA,-1.92096908430768,NA
"416",1.26682432222972,6.31065148610897,NA,NA
"417",-9.65324855815781,9.56232101282094,-4.89331017303072,0.432428458218879
"418",-7.72345905798014,5.01758986617077,NA,NA
"419",-6.00493911024461,2.89079369698688,NA,0.221754170255736
"420",-10.1761231917703,4.07186902422765,-1.66129088026631,0.0636818843850597
"421",-7.78063460647454,8.45586711497999,-6.18639741838828,0.512304284123188
"422",8.27068954641214,9.03820800060981,3.62291862747288,0.135096494564372
"423",35.8546153681315,NA,7.79514151653788,0.0265169942285866
"424",5.25024429399385,5.60602803227326,-4.48277903605365,1.60610016799512
"425",-20.9946510780743,5.40758929046914,NA,NA
"426",-4.64070823713438,4.87655642156394,-2.78521838794008,0.0793373782653362
"427",2.21372305527939,8.9390227121352,NA,0.58023773411051
"428",-5.85567399761181,7.5352594253187,-3.76867904415219,0.101062988629565
"429",9.17058487061261,4.34815726652335,4.05829658746986,0.403567854294038
"430",7.48720487790372,6.87180831114253,NA,0.38306271934644
"431",6.7266417855171,7.30409997630497,4.37766707495359,0.00559432012960315
"432",-2.55888051006804,5.0032450946056,NA,0.264436774887145
"433",19.6941235794373,10.5708560010432,NA,0.152454732326327
"434",-15.4034257114498,2.11020944660434,NA,0.389822630548725
"435",16.3369811867927,2.48115428143557,2.92988476203011,0.102024447638541
"436",13.793050743077,1.30136535327588,2.07615321458346,NA
"437",-9.85222625912337,NA,NA,0.154430743677406
"438",-1.75217267249153,5.6206057962034,NA,0.0685906209982932
"439",2.19123471758792,5.21270646053997,NA,0.592675867935127
"440",10.2726806317262,0.304977020296652,NA,0.104659636970609
"441",20.5625876793869,4.68249266825221,5.54545491003279,0.682954940923906
"442",-4.94788630464807,8.90690441583425,2.71916191824277,0.203411945607513
"443",8.24596020338165,7.19148771888629,-1.10595502535721,0.805778112523458
"444",-4.00345303793115,1.30023473505635,3.1638180965293,0.650911776793605
"445",-7.19126071788083,NA,NA,0.291567438282073
"446",20.7834922561412,7.23814881270692,NA,NA
"447",0.755573278294845,3.34555397968004,1.73950759607981,1.21064158802139
"448",4.1439730737525,5.32795672405781,3.66098572553204,0.522150306798739
"449",-14.9319842169932,1.11114123911996,-3.38957077417549,0.571311287560916
"450",13.0218247197503,1.55601592586849,3.95366020204018,1.12632434901999
"451",36.3604289991603,8.20075479423767,NA,0.363632632131964
"452",-2.27463355645419,6.30832857546875,2.75902879381873,0.308324192650616
"453",21.6651149178859,NA,3.641073660438,0.324263786664233
"454",9.34751392960546,0.897519745443693,3.40018561700594,0.304083145689219
"455",17.5723820538029,4.70667589204884,6.90641469694272,0.780694631866777
"456",12.9954844384096,NA,3.33434772020687,0.737445422406209
"457",9.37864161064779,2.7372166112348,0.414000363359338,0.204413404224807
"458",-19.4677514696862,-0.968226890323271,-0.698714398802273,0.115794260783547
"459",-0.553106882147737,8.77257495101305,-2.18067911325767,0.291845554020256
"460",4.94345657135763,6.29009090680998,NA,NA
"461",3.34124138671527,NA,-0.434339936562179,NA
"462",6.09597716637968,6.04110810707788,-0.408013540117972,0.665849413701749
"463",17.1892129624368,1.03735774011287,5.16043752164579,0.234730569799721
"464",27.9217170434606,1.53526904385481,12.5549072416469,0.253223172388971
"465",26.4995648247273,7.76784032514326,6.94604976878991,0.0177410277777253
"466",8.74695567929153,NA,4.81977791370423,0.121685161312009
"467",24.0234015763981,6.37410267674882,5.43296158036524,0.938019971321237
"468",11.3542804896355,6.02571600356247,-2.63240981661566,1.27571227302061
"469",-28.3646327161623,7.97748942223443,-11.177993128631,0.535047124681617
"470",4.19463213549414,9.62741903837508,0.835987484936599,0.0504884242545813
"471",-5.97841476508124,7.02508980816417,-1.30219284291337,0.068939182208851
"472",7.63263062680989,6.96647694295904,1.49525065682541,0.0966784229611845
"473",9.75059903369829,3.62434231809466,NA,0.410834125222123
"474",11.8237066746093,NA,NA,0.178342839702964
"475",11.5523109207016,4.26664150942107,3.52668944810748,0.0619691289030015
"476",36.9856219934931,NA,NA,0.30476486729458
"477",9.1733731383406,4.73136806820342,1.67349158444969,0.112781470717623
"478",23.7566411109771,4.62439439860466,NA,1.47378779939356
"479",21.7404167373087,13.091198252591,2.33794008080241,0.264586423756555
"480",0.50287179610204,1.37234080383418,NA,0.014828251907602
"481",11.9208546390587,NA,1.94240251480697,0.301989035913721
"482",4.23071001096621,NA,NA,NA
"483",8.97792988793754,3.20125198805172,0.698777315226166,0.314824411023214
"484",6.19835724843985,NA,2.47557889105496,0.470897725296623
"485",7.60829925808125,6.74031991933834,1.03901630020539,NA
"486",20.524098655575,3.49871935994255,NA,1.43736129245701
"487",-2.5960987078602,1.88719696680513,-0.985612327608648,0.887564935679448
"488",14.7325260628519,8.37076676804311,NA,0.388702759032554
"489",-6.77446844789538,0.0247440715954816,-4.3270655643101,0.90606428654825
"490",4.04902822900006,3.62505546175782,-0.288154757126289,0.00366460788063705
"491",4.58368328926099,9.6249123858769,NA,0.0915678746532649
"492",-20.4808364313558,-0.134469267990049,-4.85765081920263,1.36105189000474
"493",7.50385178796833,4.50235656956255,-0.559433021041761,0.195191694656387
"494",-25.5037464165531,10.3005256178788,NA,NA
"495",13.8553918612888,9.68869798258776,1.04910079857126,NA
"496",-14.3037659407547,2.00032464809779,-1.03852822924721,0.151077545713633
"497",12.5299850335836,7.1816790314284,0.733524806558379,0.110260103363544
"498",26.3537944375579,8.63228001357272,8.08180933589728,0.415476368253535
"499",7.78404897758567,4.28532950924204,0.389985895627403,0.442637760171151
"500",0.239248485981326,1.64255573184182,2.76362445933738,0.380714294800602
"501",2.24278470263507,5.36384878782327,-0.439999206472047,0.194987255572968
"502",-5.67860083859999,7.12749676036287,-1.20262103726985,0.282883894629776
"503",6.00371540663094,10.3611848593658,-5.33799184220238,1.20018280198084
"504",19.0285838058133,2.87533307891931,2.98761505141341,2.64194563885968
"505",0.421629744432633,7.77757880582606,-1.60048141242376,0.375141817779424
"506",16.811333857159,2.33376825374972,5.27463288168191,0.476835038491941
"507",8.77925943016816,3.90604026885808,2.06665426754886,0.236896173330024
"508",-2.92162148408141,6.1426120914207,-0.258843781194328,0.527099912499494
"509",-12.3542060217403,4.01421990487559,-0.537466547879563,0.0988414424937218
"510",1.90191629441676,1.84668906419329,0.217365581342754,0.27416007174179
"511",28.4348054764652,6.04405372486294,4.82193164102866,0.806756956460786
"512",-1.80534222152437,2.89305063653982,NA,0.223843249492347
"513",28.9971698479947,9.62415005909256,0.763671391943474,0.548795808618722
"514",12.8793848897236,7.64446812484475,NA,0.0316660669632256
"515",-0.49116388169092,6.68178097539113,4.94183677277938,0.00563989928923547
"516",-9.70265252766249,5.21484119781098,-3.00591449498778,0.54569758333028
"517",17.8165435047934,9.57699411841093,NA,0.634092393310225
"518",-1.96224166385329,4.84200616974504,-2.72639621228941,NA
"519",-6.27458491926795,-2.60714802310336,2.06602368023865,0.941333544398558
"520",15.7890701502906,5.09365897166515,1.79555163719192,0.428594181340455
"521",-25.1911723113858,4.57623575956313,-10.7141665622026,0.162279993994161
"522",3.94006855971575,10.0938434121923,-2.03525982037273,0.241337673971429
"523",-4.46876455994644,5.06668882832907,-1.09139425985165,0.0197198772802949
"524",-19.1784457307462,2.72174887074223,NA,0.0421036500483751
"525",-1.71668369271574,6.99149388061315,-0.655101147670019,0.0654314826242626
"526",-1.52704146507539,4.33490727464545,-3.02868666489606,0.207398428348824
"527",22.2188991014516,3.26832099251584,8.87991655730122,NA
"528",20.0742416474003,6.35432195245276,NA,0.00296322675421834
"529",-8.14159413347367,6.86538897339397,NA,0.595609808319664
"530",36.0700761536674,4.12053625641179,6.4035582054089,NA
"531",10.1797879004953,8.40933675700371,1.09030629978199,0.351953437812139
"532",5.69388784285501,3.52155104715861,2.68767433401389,0.0598150871228427
"533",6.50552932521916,3.04163700533196,0.738889151146688,0.784880912018769
"534",15.6655783249076,5.03944953072047,NA,1.45820144191902
"535",0.571749087107543,7.34553421242644,NA,NA
"536",9.24957094870766,NA,3.71221971753576,0.153744533798402
"537",22.9205497821075,2.20105094689564,5.27012561910868,2.0509388995238
"538",12.2156851263375,4.50387190372922,-0.641979882535119,2.2743562402806
"539",6.74760479834788,NA,-4.19349535110624,0.786871394100499
"540",24.1356801984215,5.42375230521387,4.62884971600754,0.525962027938848
"541",5.20986511657013,10.0298917246849,0.473978318275789,0.867614939486531
"542",3.68717825196961,NA,-0.937466972665941,0.639823331942266
"543",4.92367380299344,2.66363171762015,-0.323105373779987,0.37573665564642
"544",-13.0933420488135,10.0563361651527,NA,2.33731173897598
"545",11.1565329223102,3.61473849091236,-0.974963987535573,0.0149045299443469
"546",5.28625930183363,5.33310732140405,NA,0.533956461565054
"547",21.1615711229893,NA,1.40665706640211,0.943123986902547
"548",4.65153338664217,7.29513548375593,2.61969297638106,NA
"549",2.85547084893077,6.47672095321828,1.66540369672548,0.160120211541653
"550",3.71874574919824,2.19264948430074,NA,0.942840332123351
"551",-3.63277683943082,NA,-1.30450555291565,0.346345892874524
"552",-0.422853408343016,NA,0.434479735697756,0.632558252106544
"553",40.4263639948548,2.19229438369406,7.44845235572105,1.3822868419181
"554",3.02656405254424,6.90717995614583,-0.486439113610067,0.393709953157734
"555",1.65859076324479,NA,2.1112195148463,0.0326635227974626
"556",-19.2959538551981,5.71725013839834,-7.21819936081146,0.271714579081163
"557",-7.89676834341511,5.53516247658918,-2.81228625678389,0.26697601354681
"558",29.2399565589938,5.18976976418493,9.35323516124667,0.217783992644399
"559",34.68579037359,6.08767737484913,5.02553271757281,1.53888108200374
"560",7.79485495365433,7.68044581109752,NA,0.00842632738974817
"561",0.910413611357604,5.09684923216711,-2.76975975535463,0.0294269777368754
"562",3.50724137514679,NA,1.97833923725665,0.159884989261627
"563",30.346342332851,11.0365535773279,1.21715592587473,0.921659125904453
"564",22.0586089608018,NA,2.84642878513438,0.530671369729048
"565",18.9573759492566,NA,3.42094417721166,NA
"566",17.4751484144533,8.82083611959574,4.90796092579868,NA
"567",-6.53676160923602,6.85179895965618,1.47476407433146,NA
"568",-11.4833989126941,6.97007099647455,0.346658667339451,0.107223740414134
"569",7.11132673844105,3.37506893079872,NA,0.0236802146459514
"570",-9.42483028919136,5.79338574943815,NA,0.435432484352446
"571",18.4958759278912,6.22610603129548,NA,0.342240129364654
"572",3.74080907813668,6.08488889013971,NA,0.199505438329652
"573",16.6457290038881,7.00791417999367,2.53019325404623,0.0454216560436649
"574",-7.81582239707823,9.62630123161679,-8.8599162976239,NA
"575",5.12667297535291,6.57005033819042,1.3825355862194,1.19912258801552
"576",6.94219854052558,4.99333318218278,-0.502609740793943,0.250232305458294
"577",8.53965208316129,3.27925218535829,4.81955117374641,0.32770891697146
"578",-7.34525125891295,2.81267571759418,-0.131658917287955,0.665619112648645
"579",0.0989355093425468,NA,0.90322596430359,0.288289422402158
"580",-17.0702724378112,NA,-5.29160678758477,NA
"581",-43.4336338271587,6.61505235962384,-10.1817859527073,0.0799064926040377
"582",-3.17686356770507,2.38403864573848,-0.0616984679753547,0.427936605622476
"583",12.1833391231106,5.30650852223632,-2.14124009344191,0.483308730625963
"584",-11.4131174864313,4.10338229413161,NA,0.297197045525536
"585",3.93055378277378,1.2842013141933,-1.08458971760054,0.743267628922551
"586",11.001586307874,2.1647273828481,1.87886199276302,NA
"587",12.8896721900579,7.80959017447964,4.48767091905531,1.47234472996535
"588",18.8892403910187,6.29837901935272,1.93371014496779,0.925806807543012
"589",9.4796214880114,NA,2.41498265292632,0.704284947323513
"590",29.1960127802995,5.42295915424951,9.68075184454783,1.04913812347582
"591",1.08997116326645,NA,-1.41689770132295,0.820521830539119
"592",-17.2135272360942,-3.36288769316374,-5.76545189540573,0.252303092041984
"593",7.33109240127658,5.27426048236634,-0.769895101514802,0.123545821057633
"594",12.5073967484512,4.2151267697414,1.63811221782948,0.115894359303638
"595",-9.93449563449302,4.43432115645224,-5.66763320648382,1.01760689816893
"596",-14.9051271519744,0.851450678172894,NA,NA
"597",14.249563306142,10.9631926872346,2.13231314083018,1.27571029675411
"598",12.8620630710928,7.81628649982711,0.10528814172324,0.939679093616915
"599",19.4407213181999,4.90703910893871,NA,1.55640997729244
"600",11.2684575951174,4.77692186455217,0.00850820813416442,0.513167159145183
"601",7.3256218174462,6.14100543102913,3.26457022316545,0.76571286092968
"602",-6.23822210845898,3.77486832884256,NA,0.183349658066485
"603",-2.20648782698967,3.7031346799339,-2.74886519046615,0.308090443722904
"604",-1.91205741427181,NA,-0.992138490912703,0.0396422443676187
"605",19.0033483391023,4.90589184574811,5.88868136148242,1.90098814190108
"606",28.379006996079,6.35598479320828,5.40079529619413,0.460499337330059
"607",4.71507551850323,9.74699524933055,3.97353923738017,0.513167016652829
"608",-5.03306832544848,10.7746517518553,1.68675288259406,NA
"609",20.4952851374181,6.16107301339584,9.08840378166693,1.22510572343276
"610",13.9837135006781,4.68896465500708,NA,0.065057503941392
"611",-0.81760621773691,5.27505086529174,-3.2934747650921,0.468881663379675
"612",24.1348045608504,1.98169124709911,4.48443018250239,0.215628461213782
"613",-5.01311670586122,-0.583455099620947,-3.89220317763428,0.354553481168677
"614",41.9189065247127,7.28092872127824,9.41582126836563,0.0246607115598729
"615",7.41142748905431,2.32764014369578,-0.287563893636341,NA
"616",7.52452894903287,NA,1.29702595155252,0.278565998421982
"617",-16.0739862266948,6.95942728226071,0.00266035719792301,0.425629483628439
"618",14.6150518457125,2.21833893656921,4.02593394923171,0.0264705558686507
"619",33.6920772793634,NA,7.14035903364649,0.339923756662756
"620",6.06886738890447,NA,1.78995362627482,NA
"621",-3.72787441985234,-0.633079457542174,NA,0.150588581363198
"622",10.8954440579721,5.97261571972724,-0.628455147740421,NA
"623",-8.69829434878647,NA,-2.06530218080476,0.153380743906519
"624",23.4219141823968,12.3874146631336,4.44556471671038,0.0462779686830169
"625",19.3369135397829,2.83946817458002,4.03074399416678,0.837476504924607
"626",20.8206793088992,11.9648190700501,-0.140933562284462,1.04865621306195
"627",-3.42194969579815,3.21641760526196,NA,0.655544078887856
"628",-4.21446681490078,9.463603892237,NA,0.394545525291419
"629",-13.6354788223558,3.2596083799079,-2.92641269849123,0.0348050582688302
"630",13.6941423849847,7.67985249121277,NA,NA
"631",37.3677550521449,10.7459539390728,NA,0.300864675547928
"632",10.0441052636943,6.29412623977728,-1.70401414489274,1.60622816896977
"633",9.29247563316027,9.45361579036733,3.81363434674968,0.209526123226172
"634",-19.130086529874,NA,-2.08354541276721,NA
"635",6.71597661445604,8.63233423733994,1.31064505188919,NA
"636",22.1779812404856,5.0911707621411,3.51190136637342,0.0692529380321503
"637",41.9074545909189,9.4739021515971,NA,0.30709257395938
"638",4.17839744189322,2.95918909692767,-0.860298757066195,0.603094506522125
"639",16.0132672819148,3.81113688333426,-0.289272059320382,NA
"640",-10.0130868555334,6.71225432843262,-4.98373761908944,0.40918543001399
"641",15.8836687321929,7.04131575182567,3.71128749408623,NA
"642",-8.72979208953752,3.9842055496104,-2.08575316467356,NA
"643",9.73105687759931,4.98924413776739,-0.755299821416193,1.03114645178885
"644",18.3663262394661,5.79755173373128,6.45118595555916,0.20648269308731
"645",11.0781468111807,4.72123072805471,0.565160176063175,0.773998523240079
"646",18.4621235820997,5.59255133042172,-0.461043879724232,0.24155201241417
"647",3.93383663375129,2.98249765566296,0.221833483526109,0.0717734796926379
"648",5.65535425924168,6.99080266716603,1.77313948060668,NA
"649",-11.5012811039688,6.43205823284117,-2.45690127790579,0.492676196598864
"650",11.94586717278,6.58745054448166,4.68043323223361,0.573335128815329
"651",-11.5362757631818,NA,-7.50448875948593,0.455538046990937
"652",11.821274951541,NA,6.12682848343494,0.197290676413104
"653",4.80007248551276,5.55192902752244,NA,0.106685305247083
"654",7.23369248681771,8.43988133920833,-0.351457494635172,0.114946138346568
"655",33.6705225239582,8.78698042414069,5.75593463384835,NA
"656",13.4112566716795,6.51178171852766,2.57387595482433,0.534254693405187
"657",10.4389221659457,6.07423664258489,1.59825896815278,0.0884802222717553
"658",22.4901035908268,0.384756437822418,2.56372576415353,0.405709290955116
"659",8.53846971595749,1.97167421021823,NA,0.413296663969903
"660",0.0540224035549425,2.88814768632247,-0.72207101236644,0.00999711570329964
"661",5.68565438490256,3.08619704515534,0.271753496051178,0.00148876721376452
"662",11.2069893350457,NA,NA,0.051826027290654
"663",-10.5982990930649,3.55073349082085,-1.00938900005737,0.02813152782619
"664",-21.3260115057947,NA,-6.86141665658741,0.389618212222876
"665",19.1984908414638,4.70027503668552,1.20817206135848,1.26589303984604
"666",13.3286133248324,6.72469798717523,NA,0.343213033396751
"667",-31.7304873156944,1.28713241390833,-8.45514241360085,1.07614712065841
"668",16.8159181350775,NA,NA,NA
"669",-1.36205636708221,4.34824956052818,0.866130506255889,0.138736017048359
"670",8.52452750626597,1.8446434875068,NA,0.513560045955187
"671",11.6048415380564,6.90263320220735,-0.675679196983081,0.37220746509493
"672",0.619703459404402,3.62627899915205,NA,1.51833126313033
"673",14.2470133701832,5.44126935766107,-0.0660841862471033,1.69769990435782
"674",-6.17236190058313,9.32523238317548,-0.383488742280239,0.994240541900408
"675",6.53420343082383,NA,NA,0.766307782339764
"676",9.24714783036707,-0.162388226013274,NA,NA
"677",-16.9410493857498,5.704073169365,-5.84250391286376,NA
"678",27.5044593755123,6.36741556861993,-0.996608281799571,0.167409462854266
"679",-12.4672978370103,2.35962589624245,-6.75661758516412,0.431319142205125
"680",-7.82749335589673,NA,0.129938164347866,0.722334060346431
"681",24.833118011363,8.05119492560716,NA,NA
"682",5.25801500538779,6.71159647478424,NA,NA
"683",-9.19849567904163,5.88779553012534,-8.8091330794253,0.0295106749428977
"684",36.3356196319376,8.45787985584002,8.32179393046115,0.0235463597346097
"685",3.84491438635517,NA,NA,NA
"686",0.40967432137672,NA,-5.8513255905062,NA
"687",3.15071146080065,5.84641605244067,0.163940544045453,NA
"688",-2.33497466563576,1.21822879895237,NA,0.859228838193131
"689",4.59917131649754,1.53797709698406,4.72839690404186,0.377325821427894
"690",17.8667431675593,6.45273194941146,2.00583613131441,1.19186192092704
"691",7.6400270522204,2.32824416982376,NA,0.109166821697727
"692",-17.2727156549932,NA,-4.44350562904271,0.331791399279609
"693",0.899204854295455,5.80517015867131,NA,0.0686064792270071
"694",0.145112496325501,6.04865976984988,1.62665756210966,0.884672530884755
"695",4.88008519171374,NA,-0.0263040632759381,0.593670385652083
"696",-4.72139433173815,5.16709280113354,1.69672504670904,0.166529823560268
"697",17.9182404286918,5.67789524109621,0.492212031716701,NA
"698",8.19531986001431,2.49921403465039,NA,0.58829716358096
"699",-18.2556159588847,NA,-5.46329978856443,0.00864615338925707
"700",-27.1370961813922,3.29525572581056,NA,0.0348947884049267
"701",-29.3121162217453,10.7234504735328,-7.43261403615615,0.410961643622967
"702",17.3870028234601,0.324529597642297,3.69450633074167,0.555872897130853
"703",12.4532449668778,1.87397376632682,2.45036019997693,0.12095326022245
"704",-21.1346662214815,2.24894401178223,-4.92291618270382,0.0940769670996815
"705",-2.18999276401257,2.0985572572426,3.22635365296574,0.423206089490066
"706",2.5653750010838,5.06199179639308,0.325269226617126,0.249929886311293
"707",6.24093537852155,NA,-0.218410668363513,NA
"708",11.0141126935303,6.39836158843213,-0.202339963195803,0.0558066461235285
"709",6.76337812854251,8.40175838118572,2.88329041328901,0.240451614139602
"710",11.4163682965317,1.90374999950634,NA,0.858757472555053
"711",21.657853305901,2.97821163223615,6.57795139411934,0.695536944973183
"712",13.8412281682328,0.862136527107035,4.38403372243857,0.18569689639844
"713",19.3883111220989,1.82237456167904,4.48514896564685,1.57490392393413
"714",18.6655793425346,4.71399752415444,4.4753009923187,NA
"715",15.9509208328403,2.4992690301149,2.63057220173636,0.874851447488082
"716",0.743059125424338,4.86499693239289,2.81860438349843,0.135565079981461
"717",23.6887290342293,NA,0.13166115707338,NA
"718",-0.0129398839806836,NA,-0.0935036757496874,0.949675982775998
"719",-16.7504384964545,3.36907800145565,-7.99246499316626,0.833868955219996
"720",6.63337338923435,2.19628530684433,NA,2.25572288955066
"721",-6.15947423384297,6.44355137345332,-0.581773122079991,0.81975886407764
"722",-0.259561250883138,7.47970568196061,-0.559365480082782,0.0408768729213183
"723",3.29052788392664,1.69809694288333,1.10089149172374,0.27094304189086
"724",-7.92383693018566,8.75359057850642,NA,0.42650339967737
"725",15.6103928702095,4.14716028759891,NA,0.206247192109004
"726",13.7626957131438,3.2735979732225,NA,0.0792384981177747
"727",-4.36348467273689,6.28834366358733,1.93031697684614,0.682292012942439
"728",35.1917073454231,NA,NA,0.832599143059273
"729",1.61181742374857,5.39862264218609,0.919392893800249,0.553319330306208
"730",14.5692032894568,NA,-2.90042340447186,0.574479841891203
"731",25.690338588621,4.43413702850895,NA,NA
"732",13.9782101991247,8.72012373076438,4.79658139363959,0.470768838168538
"733",0.586086266802145,NA,-1.52887877702306,2.91471456719523
"734",9.40826260352208,NA,-0.986152457137323,0.595845793806602
"735",-2.55196128741753,8.01588770616165,-2.42787906275045,0.828130652154696
"736",29.3217442301497,5.12818452212247,5.36393914845316,0.0967318473849446
"737",-0.161194696680805,1.85036404413494,0.335237220278638,0.065885019255802
"738",-3.28904557229013,3.16853893374891,0.535159201311095,0.147946724129277
"739",17.9204013493135,3.76547115808582,4.31313249450843,NA
"740",-9.57151650440157,8.9800144566759,-4.51831132517933,NA
"741",-4.82931975704366,2.58813350463703,NA,NA
"742",-15.5703849216787,0.317012142843077,-7.66815802652473,1.28560870041357
"743",-0.151613929176221,NA,-1.84920365655956,0.784234224902159
"744",13.7050848051496,3.92281762803791,2.77028779213047,NA
"745",-4.71253602622723,6.48060151557526,-5.04869459507104,0.815628451253188
"746",13.5207619035732,NA,3.5662083264473,0.405066047006771
"747",27.8623308346189,9.78114291392657,4.76558829983401,0.0727499313652515
"748",6.33987092584365,NA,2.06757619509864,NA
"749",-28.2723067861656,5.54820927530581,-6.54710712886255,0.0443497016094625
"750",13.1091837031234,7.17962509463872,NA,0.554329542422152
"751",13.8856533231501,8.49650093329728,NA,NA
"752",4.51786004702618,0.365007761123327,2.31783062756318,0.0524547320635826
"753",41.7146505816372,9.2055447105637,6.8879256770504,NA
"754",21.8230226234277,6.25151882531523,4.13169856813489,0.00857107166366177
"755",1.86371294430405,3.214039261046,0.0365184329968344,0.19066464451702
"756",25.6071638418453,3.27614375425934,5.45751592599097,0.153575936565176
"757",21.2325977052369,NA,4.44130583502815,0.785515836398018
"758",1.88397822535777,5.15594291020031,3.01500263546584,1.02112435452164
"759",-21.7084847571658,3.1864691324293,-5.91436483261516,NA
"760",21.2569230442177,4.89823271517111,2.82430031247409,NA
"761",16.5614428008259,NA,3.28743924625274,NA
"762",0.527791283322006,4.29508335141399,2.80304567882782,1.88744180281742
"763",19.8423230580864,NA,2.99087863818286,0.46416787940771
"764",19.3439693524296,8.83602562699341,2.90558405063247,0.501615533524051
"765",28.9643939158286,6.39115224929115,4.35950687296885,NA
"766",15.7060411935691,3.86618610646599,3.51843290482492,0.824441076725908
"767",-7.1796457558639,5.24407076264372,-3.7115442468488,NA
"768",-10.9617716738079,5.19771909809289,-3.81993790617706,0.299761425238103
"769",6.28673451405895,8.41958184025138,0.373274545587923,NA
"770",0.295460146384628,3.25371564858235,1.37430625871634,0.0328326903264948
"771",17.5727608225631,5.96389027947501,4.1614762277921,0.196788072761195
"772",-12.5489132672235,-0.95819371336036,-3.5955562795995,NA
"773",-11.947077893926,NA,-0.466384563610348,0.325413865968585
"774",12.0297675050643,6.44433283078088,3.72207758337503,0.324668679386377
"775",9.64182164612057,3.34440327999207,0.16070561149254,0.134512957994152
"776",-9.02958131882852,13.5310070865159,NA,0.544901925583786
"777",12.7959198765989,4.5947889437676,3.9920809875821,NA
"778",9.1803057353015,NA,-0.408219404441903,0.857243760813314
"779",9.3641711310184,4.87038017795862,-3.21864419949448,NA
"780",2.89092587766193,NA,2.63892481090426,0.303798779379576
"781",0.88961823557137,NA,-0.227262636502497,0.402072402392742
"782",17.115138224214,11.178178951515,1.87374889785675,1.37015323427724
"783",26.1596378441644,5.61666604557989,NA,0.0310487307142466
"784",18.0606288496922,3.79681243640959,4.51385185649342,0.11631631385535
"785",12.2414451667325,6.56408109457416,0.831712440160431,2.45041800702439
"786",26.0135055920528,NA,4.41147159012995,NA
"787",7.72122455179609,5.15045272131245,1.50496927221027,NA
"788",1.0911695172094,10.7570003463278,-2.67991412901466,0.11687818314526
"789",2.21661318437824,5.39302326169434,5.58592859717976,0.0328861388843507
"790",-6.5425343761471,1.11185266134022,NA,NA
"791",-12.3263597315917,5.62158660864197,-2.28714007640895,0.593142249554363
"792",-4.98003413648014,2.33205091965925,-3.13021472913987,0.353251456262028
"793",31.7904759804173,8.59854899646497,11.2196536401957,0.141218156786636
"794",26.363451670221,3.75961227533831,3.33670928543979,0.138606283115223
"795",23.2309587160729,4.79474702454701,6.45765489654027,0.0846931061241776
"796",12.4509649512645,-0.142680690927419,3.5748283425439,0.0477566679473966
"797",22.8886377912578,NA,2.74719973354197,0.215649924939498
"798",27.0296677266011,7.96286888209923,NA,0.595822242533273
"799",15.464398484186,NA,-1.16938740182373,NA
"800",23.7502069683824,0.43041720824087,7.44353749093142,NA
"801",0.443682212837361,NA,1.49274107287063,0.46215271695571
"802",16.3043746555785,3.85517276285372,0.485209520933444,1.97546290130097
"803",-13.2781581483481,3.31976100779086,-4.54153434021049,0.139250485226512
"804",16.8751667117793,NA,3.1728671367923,0.0498244023827197
"805",17.9852794707614,6.81171856394541,1.38592093000171,1.02690062947096
"806",30.2094781697478,5.22741915531287,8.19617867225966,NA
"807",24.1948384089783,3.17861042474393,3.05121632836162,NA
"808",11.4832925799356,3.23162074546975,4.8208088940504,0.436527850085354
"809",11.9107945957553,2.86020753867659,2.81428947047373,0.345124359708279
"810",-5.77353098777802,5.95820270433059,0.990494061798846,0.692169099093831
"811",25.3430617518612,NA,3.79393284720469,0.261739379855355
"812",-16.608966211888,0.238773757824601,-7.80883827950572,NA
"813",15.8063052782913,NA,1.41637418043315,2.94547515345697
"814",6.70664671756119,4.47102064321469,-0.601889701186114,0.231399339158088
"815",33.2097359990248,4.30833281814954,2.58223801432494,0.7191252791834
"816",10.7182967672156,4.9497830069819,3.56258255819196,0.0466931930277497
"817",-4.58075337273366,NA,-5.72268365163193,1.16975423034462
"818",23.1197336547098,7.16223944540879,-0.237284528961951,0.73119098429142
"819",11.2841273243801,9.27719058032339,5.20709183541998,0.389298771021372
"820",11.7508782633088,1.60999801511965,-0.207837107134262,0.794423296608702
"821",45.0598323001357,5.20195425222042,11.1872964635227,0.574037814957506
"822",16.6834580334591,5.27561747304572,NA,0.431567530063173
"823",27.9479175893679,10.6779885324904,NA,0.171745041383384
"824",4.32485676412153,7.66963554687298,1.86539437372315,0.0787131116245834
"825",-0.89846545591595,2.96577315828469,1.94095360816278,0.339196320157498
"826",36.8452574187767,6.22636165949329,9.07274603644782,0.819810855160368
"827",-19.220172174918,NA,-9.38523035340558,NA
"828",7.3019769755732,NA,3.16823453597989,0.945523068266821
"829",6.9903480015202,4.8813400369802,3.27494534660232,0.619554567595428
"830",14.457225013657,13.0854614365294,1.50503459582622,0.394050323849028
"831",19.7872183829158,NA,3.72007316596157,0.036214345600456
"832",-25.8226389438285,NA,-6.74279829909088,NA
"833",23.5832882194943,4.86292664113186,NA,0.518764914923763
"834",18.5473318044774,NA,3.56132467967185,0.906259573022735
"835",21.2531633054136,4.09091436146188,2.55723094278307,0.0297815012282284
"836",-9.36289987176493,7.05111005279498,-1.41709721108213,0.185639219125733
"837",12.3993207514301,7.60176841683582,NA,NA
"838",6.7770649091252,5.21644950431869,5.58830392559981,NA
"839",-13.1880141136401,3.26516028817468,NA,0.0884170490317047
"840",-4.13771139655069,5.29173547589399,1.37329811362506,0.36737576539249
"841",2.80179110222818,7.45770722021108,-0.830501673074071,0.137515311798501
"842",-9.38833074824217,8.11391674915896,-6.54855386356225,0.344250322785228
"843",9.57612150738366,11.2975722611399,3.38579470670131,0.036779304502846
"844",11.7038827824808,5.41383851431877,1.96967018302728,0.517877401552275
"845",9.24868151134384,NA,5.05628715559302,0.00907171587459743
"846",37.5277942208335,NA,7.69861861230608,0.501624544130123
"847",-2.63753009390201,5.00660330519604,0.871124753321149,0.333716209279373
"848",19.5230427717558,NA,NA,0.382866123204535
"849",-13.2930036996117,6.98205334595906,-3.14916910875607,0.0241748923793993
"850",8.61632383693652,4.57284038801248,3.64668234069066,0.177021263865754
"851",-23.2058882257099,5.16155369086141,-3.91834740968505,0.168773498972399
"852",20.0892141407071,3.50568403245231,1.90612886403841,NA
"853",-3.72554999241456,NA,-2.59466215915243,0.705821356694114
"854",-10.4739971919642,5.70100143075935,-2.21581034637179,1.24411485058473
"855",35.8004585745804,6.97690962987295,10.8698065183034,1.17078857769476
"856",-4.18023791336442,6.79039050885891,NA,0.547562560976899
"857",12.7191754841662,NA,3.93707700311443,NA
"858",11.0601162399639,NA,4.30476879040799,0.0215268093161285
"859",16.5178989835884,NA,0.223671593599984,0.112462024437264
"860",-15.6522987628256,9.76379591844999,-5.2813420153189,0.368369498613423
"861",39.2934088658515,5.34768365665792,9.33473052882602,NA
"862",-10.0838448066655,NA,-3.57410407588948,NA
"863",27.4134169194158,-0.283713344526484,5.43136982401834,0.254353961907327
"864",7.94153383358035,5.08195226649182,2.93038151004045,0.112468443309432
"865",7.90322016085358,3.58469296034611,3.52170768424347,0.18727980251424
"866",22.2765393656057,1.20617895952455,4.83705267341001,0.111166457927828
"867",11.5018873975748,1.26081634791683,1.70817639313805,0.116418316960335
"868",11.5646060053797,6.14700378540793,1.01570040885624,0.0465375524227964
"869",29.8194849610032,4.55309266587319,6.55741431924138,0.344658341258764
"870",-19.4409396108377,1.12686592212631,-2.31607369290476,0.0224223304539919
"871",-7.35240717037748,NA,NA,0.352086624676602
"872",12.7970820210886,12.3295965915362,0.466273524896375,NA
"873",9.65222701814891,7.36075712766585,1.86413764702235,2.3194245340905
"874",-14.2165020990756,-0.41205094787427,-1.94863152481542,NA
"875",-10.6216766191427,5.93556068858006,NA,0.0850416840985417
"876",-0.697804538486908,5.38216172606509,-2.22484451133039,0.318460252834484
"877",22.8078173895108,9.51769399699109,3.54029057723377,1.84624551505524
"878",-22.5178285352519,7.81515958236412,-7.20056485524342,NA
"879",4.16365845705587,NA,NA,0.494563192573792
"880",16.2596598653928,NA,4.93008622169827,0.432978859150267
"881",2.50466488339487,NA,0.767984249180729,0.136205947259441
"882",-8.8477919010007,11.1444833647819,-1.08029876944419,0.711192633957861
"883",1.50890229833867,7.54778646690797,-2.92965236881812,NA
"884",-3.93572148418784,NA,-0.162388431029407,0.66284586440534
"885",-6.52826082669543,NA,-3.83135903842166,0.0984710257034749
"886",-0.989906313596649,NA,-1.17075542625046,1.59587065494599
"887",9.42993750502335,2.02529358207429,1.6955385821797,0.0503583578392863
"888",14.2410050204218,NA,NA,0.735358078922045
"889",-24.8218698072029,2.54158002364554,-4.72930871318679,0.225399371935055
"890",27.595283743781,6.03168472189468,4.62854071926266,NA
"891",-10.8792915318579,8.97515209686096,-0.842587700899416,0.135679337661713
"892",-10.4784817363382,4.86223497351842,-5.00761186504424,0.0561975939199328
"893",25.5291164228381,1.08511437017473,6.23638297516631,0.492710460887706
"894",17.6318887728306,5.62204361262244,6.5718802136827,0.793915271534741
"895",16.5803765149533,NA,3.92432146132951,0.620407361981875
"896",23.9917391362518,NA,5.65956682139447,0.491100686115629
"897",-4.88435158858519,12.4344269696391,-1.00716498389761,0.00148693774826825
"898",5.38090914386217,3.35921402569753,0.470984887274687,0.379812305592943
"899",32.3856348889696,10.8582801545513,7.98508492212128,NA
"900",23.5362786408507,NA,4.45151797461088,NA
"901",10.0373038250616,NA,1.16510006168771,1.13551047717439
"902",13.5343286978671,7.01918845060001,0.249376762479344,0.743072628271142
"903",5.35160645283775,2.28274186025132,1.44615587681946,NA
"904",-12.4605042221602,1.56174018631693,-2.59532365430015,0.0229250132612179
"905",16.1175671518497,7.10375668991191,3.99164777204226,0.0122142947841616
"906",-7.89063277591393,-1.66108107707683,NA,0.252156048081815
"907",-9.8790477184489,5.22894219072518,-1.28706660290808,NA
"908",-21.3125642643103,4.04133292299908,NA,0.496706302722401
"909",-5.81031356114132,9.51532029571949,-3.14081320320796,0.316744615789503
"910",-9.2884075456405,8.673459698892,-1.35435992237594,NA
"911",20.791793172751,4.34803929389004,2.72282360678637,0.952600814360094
"912",-15.3914669368699,4.12801928207925,-3.4293718073171,0.562188639542019
"913",27.0310745219198,NA,5.67635230407581,1.43422902739587
"914",15.4455599729156,6.48450760631622,4.35748043108603,0.311800513416529
"915",-20.0749510785678,0.0984218077940859,-3.82448918679911,0.0342906443402171
"916",14.4475844816828,4.10551746228733,NA,0.110885150032118
"917",-8.39208008582231,9.23594813964259,-6.97133231743232,NA
"918",16.9654527708567,5.90486533014189,3.66986315833764,0.583325938300645
"919",7.72889629357158,3.8810260440855,NA,2.32171479786251
"920",8.68533633445163,3.12833358601453,2.52092327911909,NA
"921",3.89737507034244,0.140881273417123,NA,0.236853734590113
"922",9.36278713344678,7.56441333054711,-1.76341328107071,0.501103423692162
"923",10.0823418685165,1.55678362678371,4.48057950848014,0.415699626763767
"924",15.2480652014417,6.40241517180455,0.0708023536418845,0.230702247703448
"925",-11.761301363504,5.48306231971285,NA,0.0152945310857809
"926",-8.87813126991262,6.75625500422742,-3.65649661819254,0.13140655442064
"927",-17.2609570805282,6.88011021717242,-6.35065918236436,0.0153930513188243
"928",32.9335739750565,9.90483550241976,6.61745873853709,0.0436622274573892
"929",1.31640478930083,4.91561022416173,5.9501009290294,0.268008334329352
"930",-2.10227601800566,2.70079254714641,0.860269935353917,0.398545945973551
"931",23.2640295003564,8.35430837385303,5.6416688887996,0.309921874664724
"932",-18.4712149107104,9.30237365745879,-1.18303396439891,0.331543473294005
"933",22.2022645716499,0.55610960693536,6.85364983571409,0.579491293502456
"934",-26.5423424267106,4.00444053927475,-4.42360755605545,0.195172481471673
"935",0.573722995068569,NA,-3.00360311589904,0.226144016720355
"936",15.463354473722,NA,0.359936421806699,2.62014529499604
"937",-1.0765797099131,7.02007441651266,-1.78307457825025,0.062813138589263
"938",0.31621277975391,NA,0.576171761194823,0.70116310875967
"939",44.1961594223357,NA,NA,1.12590536375748
"940",-5.40111213520231,0.592211065582336,NA,0.0913983007014915
"941",22.0917640596453,6.21703474533041,0.0807570330544661,NA
"942",-4.13231464011836,2.4029156622993,NA,0.523885885698205
"943",4.06733335460064,NA,NA,0.479300860760218
"944",15.2711661546467,3.06175133254563,5.85573713116765,0.41337172059999
"945",21.1370168390556,NA,2.4484864082304,NA
"946",22.7328863927985,1.75443648254019,5.78231000222999,0.588633489298999
"947",-8.41565861681923,9.47630828045224,NA,NA
"948",-14.9746328588182,4.62938523477735,-7.44117707461155,0.51808263871581
"949",9.05374859618869,3.59651916828934,NA,0.0957380069885403
"950",8.66187298113269,6.22309076807874,-0.961008017865445,0.242551458533853
"951",27.2619939367456,10.0952658796747,5.59136364061119,NA
"952",23.4970814165479,6.02811485169536,NA,0.629482420140362
"953",21.6146174695309,6.25664776530756,3.97671171654323,0.246501789661124
"954",-7.18137808484859,4.38086785360496,-4.49441745963193,0.289817257784307
"955",18.9433762026937,5.99389429904746,6.32860368815073,0.017990481806919
"956",21.5331382189039,NA,3.05705717334077,0.841311243320716
"957",13.9844831005213,NA,2.14194764220076,NA
"958",8.7914506602731,1.95565125415962,4.65328186274238,0.00174833019264042
"959",1.64754026741432,3.897365678513,-0.462625454447534,0.518373172709203
"960",15.4166423274937,6.72604371129207,1.80895217121174,0.0227305048611015
"961",17.7080010879207,1.33230630895066,2.42744403970693,0.264635262052972
"962",-1.6306443037954,1.0532003738156,NA,NA
"963",14.2616293157642,3.48988651643152,1.27146008082687,0.0169369464274496
"964",-1.65734038162778,8.11623950550081,-2.08414545588973,0.841562375384283
"965",5.18842840250458,6.79617990447189,-1.39871425304021,1.79701709271151
"966",-13.9188607524729,7.19034749142303,-6.44082911694723,0.175818449817598
"967",40.980420181893,6.115747357143,5.89776668734683,NA
"968",11.4128155956358,10.871154356515,-0.557512877499138,0.478993610457933
"969",-3.48339321355486,4.95621328244933,1.41933614337994,0.261609263485298
"970",-6.26745807547873,2.60134232334361,-3.70359733047524,0.528744151471998
"971",-15.7211516518178,NA,NA,0.00758862504663163
"972",-8.29908235154171,NA,-2.25018189972165,NA
"973",25.7807423663577,9.33211597454455,1.05939213500406,0.726386176380229
"974",25.2402734148223,NA,NA,1.04660663281785
"975",10.2659018629023,5.57181650909689,-3.83860491829089,1.06618922255915
"976",10.9238954133196,5.69293974929885,1.28278015497927,1.0215048295957
"977",15.0284529833917,7.29094779281671,0.605020842823101,1.27261479472028
"978",26.8824622834636,4.05602086242924,5.48028522068534,0.256880259606987
"979",11.1175544947971,9.88247019483101,1.94426926289078,0.00605055713094771
"980",23.834857219594,12.7462367434409,NA,1.46969490489903
"981",-6.17260373547622,3.13008683518307,NA,0.0502311371444022
"982",-15.2786474366827,NA,NA,NA
"983",-0.0939259163216795,1.56954509164409,-2.14560738264059,0.473984132034189
"984",18.7501742995305,8.73876075742765,3.0265115930286,0.411544885931021
"985",6.95152578419379,5.29057039330672,NA,0.365716765744804
"986",-25.8274774739059,5.51516007782647,-9.05086780863746,0.227523521054536
"987",-6.10611128852709,4.16391464320594,-0.971008662698655,0.0104530420765854
"988",-7.81473601593057,1.78039273933337,-0.671080254902255,0.278096147812903
"989",5.97810801093168,9.96393581592947,-0.639006063965722,2.38985606456611
"990",11.593612607696,6.29284309463407,5.04380345726259,NA
"991",10.0327807588094,2.25961892967733,1.95366068745473,0.292989872861654
"992",13.0543466064235,4.34304177146649,2.44744870313587,NA
"993",2.18418044324552,4.83104537022092,0.128222959699906,0.27851766673848
"994",-4.91501142635732,-1.39702081521927,-0.822058860181653,0.108015836915001
"995",-1.49614500436223,9.2200444469456,1.39740342315713,0.0438004993731896
"996",5.90643635861403,2.86192370942214,-0.705283621161643,0.211461518658325
"997",14.7465350254219,NA,1.86687581001757,0.403697014765298
"998",10.5653112147218,4.41124801755597,NA,0.52840010866285
"999",-4.94275111595518,5.91522445453105,-5.92332255284126,NA
"1000",9.44615709739974,2.79602057926743,1.20356661254782,0.836638359310937
